id,firt_name,last_name,phone_number,address,user_id
1,Donald,Hosen,01714649597,Netrakona,1
2,Douglas,Hosen,01714649597,Netrakona,1
3,Jennife,Hosen,01714649597,Netrakona,1
4,Michael,Hosen,01714649597,Netrakona,1
5,Robin,Hosen,01714689597,Mymensingh,1
6,Pat,Hosen,01914649854,Netrakona,1
7,Susan,Hosen,01914649854,Netrakona,1
8,Hermann,Hosen,01914649854,Netrakona,1
9,Shelley,Hosen,01914649854,Netrakona,1
10,William,Hosen,01914649854,Netrakona,1
11,Steven,Talukder,01914649854,Netrakona,1
12,Neena,Talukder,01914649854,Netrakona,1
13,Lex, Talukder,01914649854,Netrakona,1
14,Alexand,Talukder,01914649854,Netrakona,1
15,Bruce,Talukder,01914649854,Netrakona,1
16,David,Talukder,01751810216,Netrakona,1
17,Valli,Talukder,01751810216,Netrakona,1
18,Diana,Talukder,01751810216,Netrakona,1
19,Nancy,Talukder,01751810216,Netrakona,1
20,Daniel,Talukder,01751810216,Netrakona,1
21,John,Talukder,01751810216,Netrakona,1
22,Ismael,Talukder,01751810216,Netrakona,1
23,Jose Ma,Talukder,01751810216,Netrakona,1
24,Luis,Talukder,01751810216,Netrakona,1
25,Den,Talukder,01751810216,Netrakona,1
26,Alexand,Talukder,01951810216,Netrakona,1
27,Shelli,Khan,01951810216,Netrakona,1
28,Sigal,Khan,01951810216,Netrakona,1
29,Guy,Khan,01951810216,Netrakona,1
30,Karen,Khan,01951810216,Netrakona,1
31,Matthew,Khan,01951810216,Netrakona,1
32,Adam,Khan,01951810216,Netrakona,1
33,Payam,Khan,01951810216,Netrakona,1
34,Shanta,Khan,01951810216,Netrakona,1
35,Kevin,Khan,01951810216,Netrakona,1
36,Julia,Khan,01615810216,Netrakona,1
37,Irene,Khan,01615810216,Netrakona,1
38,James,Khan,01615810216,Netrakona,1
39,Steven,Khan,01615810216,Netrakona,1
40,Laura,Sheikh,01615810216,Netrakona,1
41,Mozhe,Sheikh,01615810216,Netrakona,1
42,James,Sheikh,01615810216,Netrakona,1
43,TJ,Sheikh,01615810216,Netrakona,1
44,Jason,Sheikh,01615810216,Netrakona,1
45,Michael,Sheikh,01615810216,Netrakona,1
46,Ki,Sheikh,01615810216,Netrakona,1
47,Hazel,Sheikh,01615810216,Netrakona,1
48,Renske,Sheikh,01615810216,Netrakona,1
49,Stephen,Sheikh,01615810216,Netrakona,1
50,John,Chowdhury,01797468659,Netrakona,1
51,Joshua,Chowdhury,01797468659,Netrakona,1
